iter	Logloss
0	0.413780819311	0.364707635222	0.3537957013	3	0.3490535044	4	0.3475911645	5	0.3467053176	6	0.3462886537	7	0.3462649428	8	0.34612205299	0.3456865729110	0.3447146076111	0.3446236616112	0.344534785
13	0.3445129187114	0.3440518908115	0.3440384116116	0.3439887363117	0.3437952157118	0.3436075035119	0.3435780396220	0.343440218
21	0.3433767691
22	0.3432031957
23	0.3431182853
24	0.3430302688
25	0.3428573459226	0.3427497508227	0.3426754492228	0.3426099702229	0.3425235373330	0.3424459863331	0.3424388393332	0.3423624113333	0.3423582173334	0.3422609833335	0.3422043933336	0.3421581433337	0.3420688733338	0.3417794633339	0.3417261044440	0.3417057244441	0.3416180044242	0.3415857544343	0.3415196944444	0.3414732144545	0.3413522144646	0.3412627744747	0.3411871444848	0.3411499644949	0.3410912250	50	0.3410335151	51	0.340982552	052	0.340859553	053	0.340808554	054	0.340789555	055	0.34078756	0.56	0.34076357	0.57	0.34073358	0.58	0.34070259	0.59	0.34069160	0.60	0.34067761	0.61	0.34061262	0.62	0.34053263	0.63	0.34051764	0.64	0.34044465	0.65	0.34039266	0.66	0.34034367	0.67	0.34029068	0.68	0.34028769	0.69	0.34027470	0.70	0.34021971	0.71	0.34015372	0.72	0.34012773	0.73	0.34006074	0.74	0.34000475	0.75	0.33998576	0.76	0.3399377	0.377	0.3398878	0.378	0.3398079	0.379	0.3397280269
